n,mean_tpopn,median_tpopn,min_tpopn,max_tpopn,mean_log_tpopn,sd_log_tpopn
280,7179.060714285714,5281.5,326,66252,8.564311373825834,0.7645361087426258
